scene,video,frame,window_start,window_end,track_id,track_key,x1,y1,x2,y2,ego_speed_kmh,prob_cross,flagged,seed42_prob,seed0_prob,seed1_prob,seed2_prob,seed3_prob
A,video_0012,5665,5650,5665,1,A:video_0012:1,583.7830200195312,641.8372802734375,702.91162109375,999.3759155273438,0.0,0.7097921371459961,1,0.4216853082180023,0.8185482621192932,0.9282670021057129,0.41285502910614014,0.9676049947738647
A,video_0012,5666,5651,5666,1,A:video_0012:1,580.8148193359375,642.1619873046875,698.208251953125,998.74755859375,0.0,0.7111328840255737,1,0.43507689237594604,0.8087266683578491,0.9243271350860596,0.4225148856639862,0.9650188684463501
A,video_0012,5667,5652,5667,1,A:video_0012:1,576.3779907226562,642.2060546875,692.4361572265625,998.4869995117188,0.0,0.7110744714736938,1,0.44517797231674194,0.7969831824302673,0.9200060963630676,0.43123045563697815,0.9619746208190918
A,video_0012,5668,5653,5668,1,A:video_0012:1,569.0198364257812,641.7505493164062,685.0858154296875,998.7024536132812,0.0,0.7078533172607422,1,0.44625023007392883,0.7834298014640808,0.915194034576416,0.4360083043575287,0.9583843350410461
A,video_0012,5669,5654,5669,1,A:video_0012:1,560.5211181640625,642.3992919921875,676.8563842773438,999.1715087890625,0.0,0.7049675583839417,1,0.44846823811531067,0.7685287594795227,0.9107189178466797,0.44258105754852295,0.954540491104126
A,video_0012,5670,5655,5670,1,A:video_0012:1,553.3121337890625,642.1203002929688,670.251220703125,999.37548828125,0.0,0.7000827789306641,1,0.44484931230545044,0.7525243163108826,0.9059397578239441,0.4469833970069885,0.9501170516014099
A,video_0012,5671,5656,5671,1,A:video_0012:1,548.365966796875,644.6093139648438,665.1237182617188,999.5137329101562,0.0,0.7028401494026184,1,0.462423175573349,0.7394402623176575,0.9031112790107727,0.4629219174385071,0.9463039636611938
A,video_0012,5672,5657,5672,1,A:video_0012:1,545.7413940429688,646.2293090820312,662.1376342773438,998.496826171875,0.0,0.7106791734695435,1,0.49350813031196594,0.7277393937110901,0.9012842774391174,0.4880329966545105,0.9428306818008423
A,video_0012,5673,5658,5673,1,A:video_0012:1,545.1402587890625,646.6793212890625,661.3828125,996.4393920898438,0.0,0.7204791307449341,1,0.5278230905532837,0.7182032465934753,0.899638295173645,0.517163097858429,0.9395676851272583
A,video_0012,5673,5658,5673,10,A:video_0012:10,171.7129364013672,639.9111938476562,227.41339111328125,831.5283203125,0.0,0.9737659692764282,1,0.9761418700218201,0.9808112382888794,0.9625298976898193,0.9604191184043884,0.9889276027679443
A,video_0012,5674,5659,5674,1,A:video_0012:1,544.0745849609375,648.7101440429688,660.1983642578125,995.2998657226562,0.0,0.7342773079872131,1,0.5691220760345459,0.71077561378479,0.8994702696800232,0.5546988248825073,0.9373194575309753
A,video_0012,5674,5659,5674,10,A:video_0012:10,172.0799560546875,637.538818359375,229.08596801757812,832.2510986328125,0.0,0.9735309481620789,1,0.9758940935134888,0.9814190864562988,0.9620787501335144,0.9606231451034546,0.9876399636268616
A,video_0012,5675,5660,5675,1,A:video_0012:1,542.392822265625,647.5452270507812,659.4368286132812,995.3798828125,0.0,0.7427722811698914,1,0.5936093926429749,0.7047740817070007,0.8984679579734802,0.5821651816368103,0.9348446726799011
A,video_0012,5675,5660,5675,10,A:video_0012:10,171.825439453125,636.6966552734375,229.5908203125,832.5569458007812,0.0,0.9734050631523132,1,0.9757083654403687,0.9820961952209473,0.9616795778274536,0.9608650207519531,0.9866762757301331
A,video_0012,5676,5661,5676,1,A:video_0012:1,541.7991333007812,647.9935913085938,658.1676635742188,993.1411743164062,0.0,0.7517345547676086,1,0.6153979897499084,0.7018882632255554,0.8978524208068848,0.6103367805480957,0.9331972599029541
A,video_0012,5676,5661,5676,10,A:video_0012:10,171.09239196777344,636.6286010742188,229.5312957763672,833.776123046875,0.0,0.9733203649520874,1,0.975594699382782,0.9825831651687622,0.9614300727844238,0.9610072374343872,0.9859866499900818
A,video_0012,5677,5662,5677,1,A:video_0012:1,539.2530517578125,646.384033203125,656.0457153320312,992.7385864257812,0.0,0.7563436627388,1,0.6252198219299316,0.6996935606002808,0.8966197967529297,0.6284924149513245,0.9316926002502441
A,video_0012,5677,5662,5677,10,A:video_0012:10,172.28590393066406,639.8314208984375,231.12347412109375,836.7900390625,0.0,0.9730251431465149,1,0.9753260612487793,0.9825342297554016,0.9612681865692139,0.9607521891593933,0.9852448105812073
A,video_0012,5678,5663,5678,1,A:video_0012:1,534.8936767578125,647.85302734375,650.3040161132812,990.2055053710938,0.0,0.7641779780387878,1,0.6385945677757263,0.7015635371208191,0.8970062732696533,0.6517071723937988,0.9320181608200073
A,video_0012,5678,5663,5678,10,A:video_0012:10,172.7154541015625,636.5473022460938,233.28553771972656,839.5452880859375,0.0,0.9727463722229004,1,0.9751036763191223,0.9825682640075684,0.9609633088111877,0.9606251120567322,0.9844716191291809
A,video_0012,5679,5664,5679,1,A:video_0012:1,529.6981811523438,646.2823486328125,643.2415161132812,983.8156127929688,0.0,0.770783543586731,1,0.649631679058075,0.7028543949127197,0.8960206508636475,0.6735479235649109,0.9318628311157227
A,video_0012,5679,5664,5679,10,A:video_0012:10,174.8343963623047,638.1005859375,235.88063049316406,841.7498779296875,0.0,0.972420334815979,1,0.9748499393463135,0.9823900461196899,0.9607633352279663,0.9604108929634094,0.9836876392364502
A,video_0012,5680,5665,5680,1,A:video_0012:1,524.3993530273438,646.4652709960938,635.7700805664062,978.8262939453125,0.0,0.7778517603874207,1,0.6622121334075928,0.7043924331665039,0.8951208591461182,0.6956177949905396,0.9319156408309937
A,video_0012,5680,5665,5680,10,A:video_0012:10,174.37551879882812,639.3807373046875,235.7852783203125,843.1690673828125,0.0,0.9719880819320679,1,0.9745628237724304,0.9819656014442444,0.9605496525764465,0.9601590633392334,0.9827036261558533
A,video_0012,5681,5666,5681,1,A:video_0012:1,518.4276733398438,646.7103271484375,627.4552612304688,974.2025756835938,0.0,0.7845791578292847,1,0.6755802035331726,0.7065306305885315,0.8939545750617981,0.7151562571525574,0.9316743016242981
A,video_0012,5681,5666,5681,10,A:video_0012:10,174.00624084472656,638.5733032226562,236.1591339111328,843.6157836914062,0.0,0.9716069102287292,1,0.9743964076042175,0.9816084504127502,0.9603549242019653,0.9600648880004883,0.9816097021102905
A,video_0012,5682,5667,5682,1,A:video_0012:1,513.0621948242188,644.5318603515625,621.3575439453125,972.40478515625,0.0,0.7865972518920898,1,0.6828607320785522,0.7050817012786865,0.8904278874397278,0.7247524261474609,0.9298633933067322
A,video_0012,5682,5667,5682,10,A:video_0012:10,174.89199829101562,638.8771362304688,237.3212432861328,844.6121826171875,0.0,0.9711421132087708,1,0.9742469191551208,0.9811297059059143,0.9601765275001526,0.9599726796150208,0.9801849722862244
A,video_0012,5683,5668,5683,1,A:video_0012:1,510.96026611328125,642.1279907226562,619.5236206054688,971.733154296875,0.0,0.7841305732727051,1,0.6836167573928833,0.6999849081039429,0.8843820691108704,0.726186215877533,0.9264827966690063
A,video_0012,5683,5668,5683,10,A:video_0012:10,175.15203857421875,638.9772338867188,237.71702575683594,845.0662841796875,0.0,0.9705997705459595,1,0.9740803837776184,0.9806441068649292,0.9598875641822815,0.9599081873893738,0.9784784317016602
A,video_0012,5684,5669,5684,1,A:video_0012:1,510.90313720703125,643.052734375,619.5682373046875,971.0116577148438,0.0,0.7815407514572144,1,0.6851893663406372,0.6947963237762451,0.8787652850151062,0.7258259654045105,0.9231266379356384
A,video_0012,5684,5669,5684,10,A:video_0012:10,175.34010314941406,636.1340942382812,238.5907745361328,844.7698974609375,0.0,0.9701762199401855,1,0.9740486145019531,0.9805765748023987,0.9594441056251526,0.960056483745575,0.9767554402351379
A,video_0012,5685,5670,5685,1,A:video_0012:1,511.9248352050781,644.2612915039062,621.5762939453125,970.74609375,0.0,0.7789324522018433,1,0.6880059242248535,0.6892213821411133,0.8737692832946777,0.723905086517334,0.9197604656219482
A,video_0012,5685,5670,5685,10,A:video_0012:10,175.93173217773438,634.191162109375,239.8905792236328,845.4276733398438,0.0,0.9698492884635925,1,0.9741040468215942,0.9807775616645813,0.9589930772781372,0.9602866172790527,0.9750853776931763
A,video_0012,5686,5671,5686,1,A:video_0012:1,512.5878295898438,643.6077880859375,624.3663330078125,970.7196655273438,0.0,0.7745246887207031,1,0.6882579922676086,0.6817747950553894,0.8678014874458313,0.7191934585571289,0.9155957698822021
A,video_0012,5686,5671,5686,10,A:video_0012:10,176.5980987548828,634.1328735351562,240.63490295410156,845.8383178710938,0.0,0.9696143865585327,1,0.9741988182067871,0.9811150431632996,0.9585379958152771,0.9605401158332825,0.9736802577972412
A,video_0012,5687,5672,5687,1,A:video_0012:1,513.2030639648438,648.023681640625,626.6767578125,970.8331298828125,0.0,0.7745102643966675,1,0.6967505812644958,0.6778886914253235,0.8665412664413452,0.7175233364105225,0.9138477444648743
A,video_0012,5687,5672,5687,10,A:video_0012:10,177.12655639648438,632.2421875,241.6285858154297,845.8109130859375,0.0,0.9696249961853027,1,0.9744565486907959,0.9817667603492737,0.9581748247146606,0.9609591960906982,0.9727674126625061
A,video_0012,5688,5673,5688,1,A:video_0012:1,511.9502868652344,647.5494995117188,629.2897338867188,971.5570678710938,0.0,0.7729780077934265,1,0.7023746967315674,0.672758162021637,0.8648307919502258,0.713302731513977,0.9116240739822388
A,video_0012,5688,5673,5688,10,A:video_0012:10,176.4661407470703,629.812744140625,241.9263153076172,845.775146484375,0.0,0.9699431657791138,1,0.9748954772949219,0.9827470779418945,0.9580381512641907,0.9615541696548462,0.9724807143211365
A,video_0012,5689,5674,5689,1,A:video_0012:1,510.74652099609375,646.7294311523438,631.7182006835938,971.8680419921875,0.0,0.7706158757209778,1,0.7050585150718689,0.6674473881721497,0.8629008531570435,0.7082074284553528,0.9094651937484741
A,video_0012,5689,5674,5689,10,A:video_0012:10,178.37757873535156,630.4337768554688,243.60400390625,845.5006713867188,0.0,0.9704281091690063,1,0.9753968715667725,0.9837230443954468,0.9580677151679993,0.9621815085411072,0.9727709889411926
A,video_0012,5690,5675,5690,1,A:video_0012:1,508.2625732421875,652.1032104492188,630.8009033203125,971.747802734375,0.0,0.7742385864257812,1,0.7178401947021484,0.6687069535255432,0.8664003610610962,0.7071337103843689,0.9111119508743286
A,video_0012,5690,5675,5690,10,A:video_0012:10,180.3945770263672,632.3424682617188,245.08006286621094,845.4492797851562,0.0,0.9708901643753052,1,0.9757986068725586,0.9844925403594971,0.9580844640731812,0.9626668691635132,0.9734081029891968
A,video_0012,5691,5676,5691,1,A:video_0012:1,505.3374328613281,652.7811279296875,630.38818359375,971.2781982421875,0.0,0.7779500484466553,1,0.7305172085762024,0.6717876195907593,0.8700598478317261,0.7044070363044739,0.9129785895347595
A,video_0012,5691,5676,5691,10,A:video_0012:10,180.5634307861328,633.1029052734375,246.16026306152344,848.7994384765625,0.0,0.9711732864379883,1,0.9760122895240784,0.9849483370780945,0.9581848978996277,0.9627608060836792,0.9739599823951721
A,video_0012,5692,5677,5692,1,A:video_0012:1,499.28790283203125,655.2435913085938,625.5269775390625,970.4244384765625,0.0,0.7839413285255432,1,0.7462936043739319,0.6787943243980408,0.8756816983222961,0.7024044990539551,0.9165325164794922
A,video_0012,5692,5677,5692,10,A:video_0012:10,182.51791381835938,633.3160400390625,248.8793487548828,852.635498046875,0.0,0.9712956547737122,1,0.9760790467262268,0.9851964712142944,0.9583679437637329,0.9625289440155029,0.9743057489395142
A,video_0012,5693,5678,5693,1,A:video_0012:1,492.24371337890625,653.2018432617188,619.728759765625,968.0353393554688,0.0,0.7876698970794678,1,0.7573111057281494,0.6848675608634949,0.8791243433952332,0.6981220841407776,0.9189243912696838
A,video_0012,5693,5678,5693,10,A:video_0012:10,184.39114379882812,633.4678344726562,251.4385528564453,856.2539672851562,0.0,0.971288800239563,1,0.9760848879814148,0.9852677583694458,0.9587609767913818,0.9621164798736572,0.9742137789726257
A,video_0012,5694,5679,5694,1,A:video_0012:1,486.9981384277344,655.9691162109375,613.9322509765625,966.5758056640625,0.0,0.7937664985656738,1,0.7716575860977173,0.6945785284042358,0.8843802213668823,0.6954012513160706,0.9228147268295288
A,video_0012,5694,5679,5694,10,A:video_0012:10,185.98480224609375,634.7228393554688,253.4008331298828,859.7031860351562,0.0,0.9709131121635437,1,0.975839376449585,0.9849981665611267,0.9589763283729553,0.9613351821899414,0.9734164476394653
A,video_0012,5695,5680,5695,1,A:video_0012:1,480.7081298828125,654.8126831054688,608.3479614257812,966.4654541015625,0.0,0.7979875206947327,1,0.7815125584602356,0.7040510773658752,0.8882478475570679,0.6901880502700806,0.9259379506111145
A,video_0012,5695,5680,5695,10,A:video_0012:10,186.97653198242188,635.67626953125,254.2790985107422,861.3944702148438,0.0,0.970425009727478,1,0.9755354523658752,0.9846051931381226,0.9591537117958069,0.9605686664581299,0.9722620844841003
A,video_0012,5696,5681,5696,1,A:video_0012:1,474.0204162597656,654.50146484375,601.145263671875,965.8016967773438,0.0,0.8015859723091125,1,0.7890830039978027,0.713695764541626,0.891562283039093,0.6846646070480347,0.9289240837097168
A,video_0012,5696,5681,5696,10,A:video_0012:10,188.93946838378906,638.7941284179688,255.4757080078125,862.7116088867188,0.0,0.9697434306144714,1,0.9751369953155518,0.9839174747467041,0.9592236876487732,0.9597503542900085,0.9706887602806091
A,video_0012,5697,5682,5697,1,A:video_0012:1,468.18389892578125,653.8333129882812,593.7011108398438,963.8009643554688,0.0,0.8043329119682312,1,0.794780969619751,0.7227759957313538,0.8940276503562927,0.6788516640663147,0.9312286376953125
A,video_0012,5697,5682,5697,10,A:video_0012:10,190.60250854492188,638.8743896484375,257.43487548828125,863.4475708007812,0.0,0.9688690304756165,1,0.9746266603469849,0.9831445217132568,0.9589285254478455,0.9589411616325378,0.9687042832374573
A,video_0012,5698,5683,5698,1,A:video_0012:1,462.3148498535156,650.497314453125,585.1978149414062,957.2805786132812,0.0,0.8043463826179504,1,0.7970831990242004,0.7284975051879883,0.893014132976532,0.6718730926513672,0.9312639832496643
A,video_0012,5698,5683,5698,10,A:video_0012:10,192.13717651367188,637.1724853515625,259.34857177734375,863.5489501953125,0.0,0.9678888320922852,1,0.9741007685661316,0.9824597835540771,0.9583051800727844,0.9582864046096802,0.9662917852401733
A,video_0012,5699,5684,5699,1,A:video_0012:1,458.53692626953125,649.4869995117188,577.716796875,951.1549682617188,0.0,0.8036025762557983,1,0.7998738288879395,0.7319945693016052,0.8902273774147034,0.6657776236534119,0.9301396012306213
A,video_0012,5699,5684,5699,10,A:video_0012:10,193.6144561767578,637.0989990234375,260.724853515625,863.303466796875,0.0,0.9668229818344116,1,0.9735819697380066,0.9817817211151123,0.9573748111724854,0.9577756524085999,0.9636006355285645
A,video_0012,5700,5685,5700,1,A:video_0012:1,452.5696105957031,649.7314453125,568.3015747070312,948.376220703125,0.0,0.80232173204422,1,0.8033465147018433,0.732709527015686,0.8868625164031982,0.6605467796325684,0.9281432628631592
A,video_0012,5700,5685,5700,10,A:video_0012:10,194.1724090576172,635.7505493164062,261.6513977050781,863.0595703125,0.0,0.9656543731689453,1,0.9730236530303955,0.981198251247406,0.9559659361839294,0.9573158025741577,0.9607681632041931
A,video_0012,5701,5686,5701,1,A:video_0012:1,448.4887390136719,650.9735717773438,561.133056640625,947.1318359375,0.0,0.8011752963066101,1,0.8081026077270508,0.7317617535591125,0.8837745785713196,0.6567097306251526,0.9255281090736389
A,video_0012,5701,5686,5701,10,A:video_0012:10,195.4490966796875,634.8121948242188,263.5296936035156,863.1567993164062,0.0,0.9644238352775574,1,0.972464382648468,0.9806719422340393,0.9542546272277832,0.9568712711334229,0.9578567743301392
A,video_0012,5702,5687,5702,1,A:video_0012:1,446.607421875,653.3052978515625,556.4729614257812,946.883544921875,0.0,0.8011196851730347,1,0.8149068355560303,0.7308722734451294,0.8820485472679138,0.6549252867698669,0.9228454828262329
A,video_0012,5702,5687,5702,10,A:video_0012:10,196.745849609375,633.4602661132812,265.61328125,863.4591674804688,0.0,0.963265061378479,1,0.9719728827476501,0.9803248047828674,0.9523546099662781,0.9564945101737976,0.9551780819892883
A,video_0012,5703,5688,5703,1,A:video_0012:1,444.009765625,653.1900634765625,551.7630615234375,946.01513671875,0.0,0.7998110055923462,1,0.8200803995132446,0.7272946238517761,0.8794116973876953,0.6531546115875244,0.9191138744354248
A,video_0012,5703,5688,5703,10,A:video_0012:10,198.41249084472656,633.1718139648438,267.46112060546875,863.4552001953125,0.0,0.9622277021408081,1,0.9715255498886108,0.9801021218299866,0.9502569437026978,0.9561689496040344,0.9530853033065796
A,video_0012,5704,5689,5704,1,A:video_0012:1,441.63348388671875,651.9669799804688,548.315185546875,946.3099975585938,0.0,0.7963498830795288,1,0.8221642971038818,0.7215567231178284,0.8754763603210449,0.6482605338096619,0.9142913222312927
A,video_0012,5704,5689,5704,10,A:video_0012:10,199.7719268798828,631.9346923828125,269.1169738769531,863.1748657226562,0.0,0.9614350199699402,1,0.9711534380912781,0.9801393747329712,0.9479910731315613,0.9559409022331238,0.9519504308700562
A,video_0012,5705,5690,5705,1,A:video_0012:1,439.1544189453125,653.431396484375,544.0061645507812,946.4004516601562,0.0,0.7938358783721924,1,0.8250938057899475,0.716218888759613,0.8729571104049683,0.6449301838874817,0.9099793434143066
A,video_0012,5705,5690,5705,10,A:video_0012:10,202.5135498046875,631.2400512695312,271.80279541015625,863.0028686523438,0.0,0.961042046546936,1,0.9709374308586121,0.980494499206543,0.9458737373352051,0.9558840394020081,0.9520206451416016
A,video_0012,5706,5691,5706,1,A:video_0012:1,435.3785095214844,653.0780639648438,539.548095703125,946.8755493164062,0.0,0.7903904318809509,1,0.8263832926750183,0.7090743780136108,0.8700854778289795,0.6411242485046387,0.9052848219871521
A,video_0012,5706,5691,5706,10,A:video_0012:10,203.9607696533203,631.3789672851562,274.1423034667969,866.2655029296875,0.0,0.9606510400772095,1,0.9706748723983765,0.9807305335998535,0.9440096020698547,0.9553887844085693,0.9524510502815247
A,video_0012,5707,5692,5707,1,A:video_0012:1,431.4410705566406,654.5283203125,534.3355102539062,947.01416015625,0.0,0.7885921597480774,1,0.8289875388145447,0.7035388946533203,0.8690057396888733,0.6396990418434143,0.9017295837402344
A,video_0012,5707,5692,5707,10,A:video_0012:10,204.66754150390625,631.7000122070312,276.0666809082031,870.4279174804688,0.0,0.9600616693496704,1,0.9702420234680176,0.9806175827980042,0.9423311352729797,0.9543664455413818,0.9527510404586792
A,video_0012,5708,5693,5708,1,A:video_0012:1,429.4841003417969,654.0020141601562,531.5214233398438,946.8428955078125,0.0,0.7863489985466003,1,0.8304497599601746,0.698010265827179,0.8675170540809631,0.6377013325691223,0.8980668187141418
A,video_0012,5708,5693,5708,10,A:video_0012:10,206.2911376953125,632.9609375,278.4928283691406,873.8854370117188,0.0,0.959263026714325,1,0.9696139097213745,0.9801307916641235,0.9408900737762451,0.9529067873954773,0.9527734518051147
A,video_0012,5709,5694,5709,1,A:video_0012:1,428.1784362792969,656.4017333984375,528.4751586914062,947.1250610351562,0.0,0.787229061126709,1,0.8345116376876831,0.6966023445129395,0.8689891695976257,0.6392882466316223,0.8967539072036743
A,video_0012,5709,5694,5709,10,A:video_0012:10,208.0106658935547,634.6267700195312,280.5914611816406,875.9078979492188,0.0,0.9582775235176086,1,0.9688423275947571,0.9793301224708557,0.9395930767059326,0.9511803388595581,0.9524418711662292
A,video_0012,5710,5695,5710,1,A:video_0012:1,426.0988464355469,656.9945068359375,525.2684326171875,946.3536987304688,0.0,0.789035439491272,1,0.8389450311660767,0.696662425994873,0.8708550333976746,0.6426225304603577,0.8960921168327332
A,video_0012,5710,5695,5710,10,A:video_0012:10,208.14894104003906,634.004638671875,281.83746337890625,878.3456420898438,0.0,0.9570440053939819,1,0.967923104763031,0.978340208530426,0.9382253289222717,0.9490834474563599,0.951648473739624
A,video_0012,5711,5696,5711,1,A:video_0012:1,423.99652099609375,656.9959716796875,522.5411987304688,945.6790771484375,0.0,0.791079580783844,1,0.8430116772651672,0.6979610323905945,0.8726938962936401,0.6457294225692749,0.8960015773773193
A,video_0012,5711,5696,5711,10,A:video_0012:10,208.58558654785156,634.0010375976562,282.93609619140625,880.0855102539062,0.0,0.95563143491745,1,0.9669166207313538,0.9771910905838013,0.9365929365158081,0.9468098878860474,0.9506471157073975
A,video_0012,5712,5697,5712,1,A:video_0012:1,422.5615539550781,657.4505615234375,520.01806640625,944.5316162109375,0.0,0.7938476204872131,1,0.8472453951835632,0.7007960081100464,0.8748127222061157,0.649795651435852,0.8965885639190674
A,video_0012,5712,5697,5712,10,A:video_0012:10,209.42640686035156,633.9388427734375,284.4898986816406,881.2034912109375,0.0,0.9540860056877136,1,0.9659002423286438,0.9759328961372375,0.9347217679023743,0.9445225596427917,0.949352502822876
A,video_0012,5713,5698,5713,1,A:video_0012:1,421.030517578125,656.2382202148438,518.1555786132812,944.3385620117188,0.0,0.795204222202301,1,0.8496918082237244,0.7029104232788086,0.8756903409957886,0.6509675979614258,0.8967607021331787
A,video_0012,5713,5698,5713,10,A:video_0012:10,210.3004913330078,631.99462890625,286.2671203613281,881.6945190429688,0.0,0.9522647857666016,1,0.964777946472168,0.9745964407920837,0.9322288036346436,0.9422497153282166,0.9474706649780273
A,video_0012,5714,5699,5714,1,A:video_0012:1,419.6795349121094,654.6934204101562,516.2009887695312,942.4070434570312,0.0,0.7952786684036255,1,0.8506755828857422,0.7043365836143494,0.8749455809593201,0.6503049731254578,0.8961304426193237
A,video_0012,5714,5699,5714,10,A:video_0012:10,211.4742889404297,627.5435180664062,289.10186767578125,882.114501953125,0.0,0.9501965641975403,1,0.9635909795761108,0.9732697606086731,0.9288486838340759,0.9398630857467651,0.9454102516174316
A,video_0012,5715,5700,5715,1,A:video_0012:1,418.32391357421875,654.0413208007812,512.8629150390625,937.262939453125,0.0,0.7955106496810913,1,0.8527005314826965,0.7055454254150391,0.8728381991386414,0.6518977284431458,0.8945716023445129
A,video_0012,5715,5700,5715,10,A:video_0012:10,212.86471557617188,626.3719482421875,291.1675109863281,882.1305541992188,0.0,0.94810950756073,1,0.9625200033187866,0.9719533920288086,0.924973726272583,0.9377869963645935,0.9433136582374573
A,video_0012,5716,5701,5716,1,A:video_0012:1,415.6653137207031,653.5393676757812,507.954345703125,931.2634887695312,0.0,0.7961772680282593,1,0.8564077615737915,0.7076543569564819,0.8693295121192932,0.6555938124656677,0.8919010758399963
A,video_0012,5716,5701,5716,10,A:video_0012:10,214.68043518066406,625.1228637695312,293.6476745605469,881.9000244140625,0.0,0.9459923505783081,1,0.9615565538406372,0.970652163028717,0.9205561876296997,0.9360002875328064,0.9411963224411011
A,video_0012,5717,5702,5717,1,A:video_0012:1,412.6466979980469,654.012451171875,503.0507507324219,927.8843994140625,0.0,0.7973906993865967,1,0.8611614108085632,0.7099205851554871,0.8657687902450562,0.6605591177940369,0.8895435333251953
A,video_0012,5717,5702,5717,10,A:video_0012:10,216.1782684326172,623.4036865234375,295.9378967285156,881.1734619140625,0.0,0.9441002607345581,1,0.9608067870140076,0.9695923924446106,0.9160963296890259,0.9347812533378601,0.9392244219779968
A,video_0012,5718,5703,5718,1,A:video_0012:1,407.5528869628906,650.7051391601562,497.34869384765625,925.69775390625,0.0,0.7954031825065613,1,0.8640100359916687,0.7091617584228516,0.8584627509117126,0.6603384017944336,0.8850430250167847
A,video_0012,5718,5703,5718,10,A:video_0012:10,218.36563110351562,622.77587890625,298.6275329589844,881.060546875,0.0,0.9422996640205383,1,0.9602031111717224,0.9685750603675842,0.9115983247756958,0.9338008761405945,0.9373209476470947
A,video_0012,5719,5704,5719,1,A:video_0012:1,404.2075500488281,650.7783203125,492.86541748046875,924.2616577148438,0.0,0.793367326259613,1,0.8670408129692078,0.7079296112060547,0.85125732421875,0.65987628698349,0.8807324767112732
A,video_0012,5719,5704,5719,10,A:video_0012:10,219.34140014648438,622.40478515625,300.3890380859375,881.4443969726562,0.0,0.9405986666679382,1,0.9597143530845642,0.967585027217865,0.9071955680847168,0.9329414367675781,0.9355570673942566
A,video_0012,5720,5705,5720,1,A:video_0012:1,401.5490417480469,650.1095581054688,490.2437438964844,924.9066772460938,0.0,0.789494514465332,1,0.8690052032470703,0.7042452692985535,0.843187689781189,0.6557183861732483,0.8753160238265991
A,video_0012,5720,5705,5720,10,A:video_0012:10,220.49267578125,622.876953125,302.4934387207031,884.3632202148438,0.0,0.9383231401443481,1,0.9589415788650513,0.9659426212310791,0.9023559093475342,0.930823564529419,0.933552086353302
A,video_0012,5721,5706,5721,1,A:video_0012:1,400.7657470703125,650.70361328125,489.33880615234375,925.0325927734375,0.0,0.7856250405311584,1,0.8707975745201111,0.6998448967933655,0.8358558416366577,0.6516339778900146,0.8699927926063538
A,video_0012,5721,5706,5721,10,A:video_0012:10,222.42123413085938,622.985595703125,305.796875,889.5482177734375,0.0,0.9347578883171082,1,0.9574970602989197,0.9634166955947876,0.8956531882286072,0.9262307286262512,0.9309919476509094
A,video_0012,5722,5707,5722,1,A:video_0012:1,401.9399719238281,651.37451171875,491.4031066894531,924.552734375,0.0,0.7820976376533508,1,0.8726405501365662,0.6953989863395691,0.8293910026550293,0.6479663252830505,0.8650912046432495
A,video_0012,5722,5707,5722,10,A:video_0012:10,224.24038696289062,622.60302734375,309.0320739746094,895.5857543945312,0.0,0.929365336894989,1,0.9551414251327515,0.9597374200820923,0.8867474794387817,0.9182724356651306,0.926927924156189
A,video_0012,5723,5708,5723,1,A:video_0012:1,402.6737365722656,651.260498046875,494.11993408203125,924.4257202148438,0.0,0.7783603668212891,1,0.874047577381134,0.6903485655784607,0.8232995271682739,0.6439309120178223,0.8601752519607544
A,video_0012,5723,5708,5723,10,A:video_0012:10,226.6793212890625,623.2899780273438,311.2279357910156,897.4034423828125,0.0,0.9235861897468567,1,0.9524887800216675,0.955596923828125,0.8775625228881836,0.9094404578208923,0.9228420257568359
A,video_0012,5724,5709,5724,1,A:video_0012:1,405.54510498046875,658.1087036132812,497.6545104980469,924.4539184570312,0.0,0.781335711479187,1,0.8784856796264648,0.690631628036499,0.8265146017074585,0.6503273248672485,0.8607194423675537
A,video_0012,5724,5709,5724,10,A:video_0012:10,228.9672393798828,625.0120239257812,313.2204284667969,900.1475219726562,0.0,0.9170839190483093,1,0.9494208693504333,0.9503111839294434,0.8685557842254639,0.8984010815620422,0.9187309741973877
A,video_0012,5725,5710,5725,1,A:video_0012:1,405.3603515625,656.8562622070312,500.8039245605469,924.512939453125,0.0,0.7825242280960083,1,0.8813912868499756,0.689494252204895,0.8278865218162537,0.6537879705429077,0.8600614666938782
A,video_0012,5725,5710,5725,10,A:video_0012:10,230.79043579101562,625.8994750976562,315.0612487792969,903.6034545898438,0.0,0.9090812802314758,1,0.9455905556678772,0.9434909224510193,0.8587006330490112,0.8838855028152466,0.9137386679649353
A,video_0012,5726,5711,5726,1,A:video_0012:1,402.61773681640625,654.4099731445312,501.9685974121094,925.6357421875,0.0,0.7816306948661804,1,0.8825428485870361,0.6865366101264954,0.8275406360626221,0.6529785394668579,0.8585547804832458
A,video_0012,5726,5711,5726,10,A:video_0012:10,232.0528564453125,626.0441284179688,316.7281799316406,908.3641357421875,0.0,0.898369312286377,1,0.940597414970398,0.9339959621429443,0.8466743230819702,0.8633720278739929,0.9072068333625793
A,video_0012,5727,5712,5727,1,A:video_0012:1,398.4217834472656,655.634521484375,500.142578125,925.1220092773438,0.0,0.7829593420028687,1,0.8842423558235168,0.6858237981796265,0.8296679854393005,0.6552786827087402,0.8597840070724487
A,video_0012,5727,5712,5727,10,A:video_0012:10,234.3074951171875,626.0757446289062,318.4994201660156,909.7018432617188,0.0,0.8860806226730347,1,0.9350237846374512,0.922498881816864,0.8330416679382324,0.8401620984077454,0.8996766209602356
A,video_0012,5728,5713,5728,1,A:video_0012:1,393.6868896484375,656.8369140625,497.31768798828125,924.5582885742188,0.0,0.7858630418777466,1,0.8863633275032043,0.6866697669029236,0.8334754705429077,0.6598978042602539,0.8629091382026672
A,video_0012,5728,5713,5728,10,A:video_0012:10,237.15679931640625,626.718994140625,320.3834533691406,909.489013671875,0.0,0.8729671239852905,1,0.9293510913848877,0.9090156555175781,0.818610429763794,0.8163462281227112,0.8915122747421265
A,video_0012,5729,5714,5729,1,A:video_0012:1,387.1231384277344,656.9271240234375,492.5609130859375,924.0271606445312,0.0,0.789000391960144,1,0.888433039188385,0.6878383159637451,0.8372703790664673,0.6645776629447937,0.8668822646141052
A,video_0012,5729,5714,5729,10,A:video_0012:10,240.7090606689453,625.4236450195312,324.12969970703125,910.0053100585938,0.0,0.8577178120613098,1,0.9229485392570496,0.8926672339439392,0.8013768792152405,0.790388286113739,0.8812081217765808
A,video_0012,5730,5715,5730,1,A:video_0012:1,381.82928466796875,656.08984375,488.7717590332031,923.8486938476562,0.0,0.7913891673088074,1,0.8900282382965088,0.6885790228843689,0.8400113582611084,0.66767817735672,0.8706490397453308
A,video_0012,5730,5715,5730,10,A:video_0012:10,246.84719848632812,625.9243774414062,331.06024169921875,910.3750610351562,0.0,0.8411248326301575,1,0.9162259101867676,0.8732404708862305,0.7827626466751099,0.763458788394928,0.8699364066123962
A,video_0012,5731,5716,5731,1,A:video_0012:1,377.2319030761719,654.69091796875,484.5667724609375,921.5401000976562,0.0,0.7934480309486389,1,0.8914285898208618,0.6902040243148804,0.840815007686615,0.6705977320671082,0.8741946816444397
A,video_0012,5731,5716,5731,10,A:video_0012:10,248.4954833984375,625.2774047851562,332.9463806152344,909.7896728515625,0.0,0.8239617347717285,1,0.9094918370246887,0.8516631722450256,0.7626689672470093,0.7385568618774414,0.8574278950691223
A,video_0012,5732,5717,5732,1,A:video_0012:1,372.5238342285156,653.2695922851562,479.75030517578125,920.2518310546875,0.0,0.7946680188179016,1,0.89244544506073,0.6917581558227539,0.8399844765663147,0.6721280217170715,0.8770238161087036
A,video_0012,5732,5717,5732,10,A:video_0012:10,250.72396850585938,624.733154296875,335.37548828125,909.3577880859375,0.0,0.8067525625228882,1,0.9029146432876587,0.8285269141197205,0.7417221665382385,0.7165848016738892,0.8440147042274475
A,video_0012,5733,5718,5733,1,A:video_0012:1,368.09423828125,651.6229248046875,473.3708801269531,915.6675415039062,0.0,0.7963366508483887,1,0.893787145614624,0.697418212890625,0.8366491794586182,0.6742640733718872,0.8795647621154785
A,video_0012,5733,5718,5733,10,A:video_0012:10,252.79608154296875,622.922119140625,338.0730285644531,909.1620483398438,0.0,0.7891632318496704,1,0.8960080146789551,0.8045223951339722,0.7189436554908752,0.697224497795105,0.8291175365447998
A,video_0012,5734,5719,5734,1,A:video_0012:1,362.7452392578125,649.7952270507812,465.0957946777344,910.077392578125,0.0,0.7990603446960449,1,0.8955708742141724,0.706528902053833,0.8305773138999939,0.6805598735809326,0.8820648789405823
A,video_0012,5734,5719,5734,10,A:video_0012:10,254.81044006347656,621.7144775390625,340.35986328125,908.6749267578125,0.0,0.7728203535079956,1,0.8893663287162781,0.7817870378494263,0.6963723301887512,0.6824758052825928,0.8141002058982849
A,video_0012,5735,5720,5735,1,A:video_0012:1,357.92889404296875,649.3099975585938,456.88592529296875,905.4570922851562,0.0,0.8034604787826538,1,0.8980215787887573,0.7185617685317993,0.8245949745178223,0.6913005113601685,0.8848235607147217
A,video_0012,5735,5720,5735,10,A:video_0012:10,257.74615478515625,620.9172973632812,344.5688171386719,910.844482421875,0.0,0.7559390068054199,1,0.881726861000061,0.7590468525886536,0.6734344363212585,0.667333722114563,0.7981529831886292
A,video_0012,5736,5721,5736,1,A:video_0012:1,351.5973815917969,646.9094848632812,448.64703369140625,904.002685546875,0.0,0.8060771822929382,1,0.9000051021575928,0.7283266186714172,0.8165649175643921,0.6997064352035522,0.885782778263092
A,video_0012,5736,5721,5736,10,A:video_0012:10,259.2695007324219,620.91015625,348.3674621582031,916.9578857421875,0.0,0.7358533143997192,1,0.871309220790863,0.7342252731323242,0.6489381790161133,0.6447592377662659,0.7800345420837402
A,video_0012,5737,5722,5737,1,A:video_0012:1,342.2458801269531,647.476806640625,438.2763977050781,903.4970703125,0.0,0.8086642026901245,1,0.902258038520813,0.7378270030021667,0.809400200843811,0.7069680094718933,0.8868678212165833
A,video_0012,5737,5722,5737,10,A:video_0012:10,260.792236328125,622.1463623046875,351.7143249511719,923.0045776367188,0.0,0.7133914232254028,1,0.8589603900909424,0.7070345282554626,0.6241976022720337,0.6154994964599609,0.7612650394439697
A,video_0012,5738,5723,5738,1,A:video_0012:1,339.64910888671875,648.3377685546875,434.02349853515625,902.722900390625,0.0,0.8115334510803223,1,0.9046475887298584,0.7476363182067871,0.8033632040023804,0.7140829563140869,0.8879372477531433
A,video_0012,5738,5723,5738,10,A:video_0012:10,263.7535705566406,623.6187133789062,356.6943054199219,927.7861938476562,0.0,0.6893669962882996,1,0.8448740839958191,0.6771460175514221,0.6003891825675964,0.5817695260047913,0.7426562905311584
A,video_0012,5739,5724,5739,1,A:video_0012:1,340.2630920410156,647.5513916015625,433.2545166015625,902.8287353515625,0.0,0.8131973147392273,1,0.9063571095466614,0.7558507323265076,0.7970658540725708,0.7185921669006348,0.8881208896636963
A,video_0012,5739,5724,5739,10,A:video_0012:10,266.31903076171875,626.3773193359375,360.4994201660156,931.5747680664062,0.0,0.6658949851989746,1,0.8303273320198059,0.6440736055374146,0.5807387828826904,0.5484603047370911,0.7258747816085815
A,video_0012,5740,5725,5740,1,A:video_0012:1,337.9403991699219,647.9342041015625,429.4504699707031,902.8419189453125,0.0,0.81535404920578,1,0.9079850912094116,0.7646490335464478,0.7926046848297119,0.723187267780304,0.8883441686630249
A,video_0012,5740,5725,5740,10,A:video_0012:10,269.5559997558594,627.2931518554688,365.6248474121094,935.1666259765625,0.0,0.6428544521331787,1,0.814052164554596,0.6096395254135132,0.5640479326248169,0.5163969993591309,0.7101357579231262
A,video_0012,5741,5726,5741,1,A:video_0012:1,335.8098449707031,651.05712890625,425.0805358886719,902.6951293945312,0.0,0.8188230395317078,1,0.9101437926292419,0.7740018963813782,0.7919765710830688,0.7278935313224792,0.8900994658470154
A,video_0012,5741,5726,5741,10,A:video_0012:10,271.59527587890625,628.5321044921875,369.0383605957031,938.648681640625,0.0,0.6218096613883972,1,0.7964805364608765,0.5755611658096313,0.5532365441322327,0.4864073693752289,0.697363018989563
A,video_0012,5742,5727,5742,1,A:video_0012:1,335.15087890625,650.573486328125,423.4084777832031,903.3320922851562,0.0,0.8208208084106445,1,0.9115862250328064,0.7809129953384399,0.7910246253013611,0.7294769287109375,0.8911035060882568
A,video_0012,5742,5727,5742,10,A:video_0012:10,274.448486328125,629.174072265625,373.8754577636719,943.140380859375,0.0,0.6014930605888367,1,0.7757714986801147,0.541414201259613,0.5460560917854309,0.4581431746482849,0.6860803365707397
A,video_0012,5743,5728,5743,1,A:video_0012:1,335.07562255859375,650.60693359375,422.1813049316406,903.7739868164062,0.0,0.8226158022880554,1,0.912670373916626,0.7871435284614563,0.7909873723983765,0.7301791906356812,0.8920984864234924
A,video_0012,5743,5728,5743,10,A:video_0012:10,276.6962890625,629.8050537109375,377.4646301269531,946.0223388671875,0.0,0.5833786725997925,1,0.7535744905471802,0.5091704726219177,0.5411563515663147,0.4368514120578766,0.6761409044265747
A,video_0012,5744,5729,5744,1,A:video_0012:1,335.9837341308594,651.973388671875,421.0560607910156,903.9891967773438,0.0,0.8249174356460571,1,0.913769006729126,0.793299674987793,0.7929784059524536,0.7309185862541199,0.8936212658882141
A,video_0012,5744,5729,5744,10,A:video_0012:10,280.6136474609375,630.16943359375,382.3433837890625,946.6634521484375,0.0,0.5685746073722839,1,0.7321511507034302,0.48099517822265625,0.5373013615608215,0.42512184381484985,0.6673035621643066
A,video_0012,5745,5730,5745,1,A:video_0012:1,343.6917419433594,650.9706420898438,425.490478515625,903.5842895507812,0.0,0.8265617489814758,1,0.9143455028533936,0.7986096143722534,0.7943514585494995,0.7311773896217346,0.894324779510498
A,video_0012,5745,5730,5745,10,A:video_0012:10,283.7705078125,630.0608520507812,385.8707580566406,947.1044311523438,0.0,0.5563650131225586,1,0.712080180644989,0.45681625604629517,0.532452404499054,0.4214721918106079,0.6590042114257812
A,video_0012,5745,5730,5745,26,A:video_0012:26,1545.0513916015625,721.9668579101562,1569.5604248046875,777.9694213867188,0.0,0.9790026545524597,1,0.9807751178741455,0.9840622544288635,0.9579284191131592,0.9835873246192932,0.988660454750061
A,video_0012,5746,5731,5746,1,A:video_0012:1,348.0268859863281,648.9617919921875,426.6786193847656,902.5432739257812,0.0,0.8274716138839722,1,0.9144670963287354,0.8028510808944702,0.7943244576454163,0.7314022183418274,0.8943135142326355
A,video_0012,5746,5731,5746,10,A:video_0012:10,287.72369384765625,630.2274780273438,390.1731872558594,947.1082153320312,0.0,0.5475996136665344,1,0.6946059465408325,0.4369816482067108,0.5279272794723511,0.4268305003643036,0.6516525149345398
A,video_0012,5746,5731,5746,26,A:video_0012:26,1544.214111328125,722.1463012695312,1568.955810546875,777.4734497070312,0.0,0.9792847633361816,1,0.9811099767684937,0.9841433763504028,0.9586395621299744,0.9836757779121399,0.9888551831245422
A,video_0012,5747,5732,5747,10,A:video_0012:10,292.9805603027344,629.9658813476562,395.6766357421875,946.4260864257812,0.0,0.5415566563606262,1,0.6804468631744385,0.42149534821510315,0.5213545560836792,0.4398636519908905,0.6446226835250854
A,video_0012,5747,5732,5747,26,A:video_0012:26,1543.5062255859375,723.294677734375,1567.4593505859375,775.4857788085938,0.0,0.9797733426094055,1,0.9816451072692871,0.984534502029419,0.9595789909362793,0.9839282035827637,0.9891797304153442
A,video_0012,5748,5733,5748,10,A:video_0012:10,296.8562927246094,629.5120239257812,399.77911376953125,945.8285522460938,0.0,0.5375648736953735,1,0.6692778468132019,0.4096469283103943,0.5125603675842285,0.4585353136062622,0.6378039717674255
A,video_0012,5748,5733,5748,26,A:video_0012:26,1541.64306640625,723.9967041015625,1566.1995849609375,776.5980834960938,0.0,0.9800677299499512,1,0.982014000415802,0.9847832322120667,0.9601240754127502,0.9840293526649475,0.9893879890441895
A,video_0012,5749,5734,5749,10,A:video_0012:10,301.61944580078125,629.4937133789062,404.2394104003906,944.9188842773438,0.0,0.535814642906189,1,0.6618044376373291,0.4013615548610687,0.5028817057609558,0.4810864329338074,0.6319388747215271
A,video_0012,5749,5734,5749,26,A:video_0012:26,1540.4554443359375,722.5438842773438,1565.8619384765625,777.0528564453125,0.0,0.9802919626235962,1,0.9822810888290405,0.984820544719696,0.9606602191925049,0.9840930700302124,0.9896050691604614
A,video_0012,5750,5735,5750,10,A:video_0012:10,306.0972900390625,630.21826171875,408.75830078125,946.9161987304688,0.0,0.5347245931625366,1,0.6540859341621399,0.3942051827907562,0.4951457679271698,0.5038625597953796,0.6263234615325928
A,video_0012,5750,5735,5750,26,A:video_0012:26,1539.48876953125,719.82275390625,1566.3057861328125,777.0716552734375,0.0,0.9804970622062683,1,0.9825177788734436,0.9846203327178955,0.9613581299781799,0.9841406345367432,0.989848792552948
A,video_0012,5751,5736,5751,10,A:video_0012:10,308.59161376953125,630.2482299804688,412.5418395996094,953.6356201171875,0.0,0.5308768153190613,1,0.6357846856117249,0.3859029710292816,0.4881751239299774,0.5232632160186768,0.6212581396102905
A,video_0012,5751,5736,5751,26,A:video_0012:26,1538.157958984375,719.6917114257812,1564.3775634765625,776.1065063476562,0.0,0.9808400869369507,1,0.9829427003860474,0.9846162796020508,0.9622097611427307,0.9842775464057922,0.9901542067527771
A,video_0012,5752,5737,5752,10,A:video_0012:10,311.9742431640625,630.7277221679688,417.1465759277344,961.4139404296875,0.0,0.5250014066696167,1,0.6036161184310913,0.37774428725242615,0.4852055311203003,0.5399169921875,0.6185237765312195
A,video_0012,5752,5737,5752,26,A:video_0012:26,1535.500732421875,719.0525512695312,1560.9561767578125,775.3311157226562,0.0,0.9812297821044922,1,0.9834161996841431,0.9846084713935852,0.9631912708282471,0.9844365119934082,0.9904963970184326
A,video_0012,5753,5738,5753,10,A:video_0012:10,317.54376220703125,631.8193359375,423.2142028808594,964.8756103515625,0.0,0.5207905173301697,1,0.5673146843910217,0.3721354007720947,0.48868685960769653,0.5553097724914551,0.6205058693885803
A,video_0012,5753,5738,5753,26,A:video_0012:26,1533.8638916015625,720.1273803710938,1557.1395263671875,772.78466796875,0.0,0.9818757176399231,1,0.9842289686203003,0.9849720597267151,0.964454710483551,0.9847774505615234,0.9909454584121704
A,video_0012,5754,5739,5754,10,A:video_0012:10,322.4457702636719,632.7859497070312,429.7787170410156,968.1676025390625,0.0,0.5186231732368469,1,0.5298457741737366,0.3693852126598358,0.4984126687049866,0.568677544593811,0.6267946362495422
A,video_0012,5755,5740,5755,10,A:video_0012:10,326.9627380371094,634.907958984375,435.7852783203125,972.767333984375,0.0,0.5213242173194885,1,0.4985426366329193,0.3701285421848297,0.5179360508918762,0.5806924104690552,0.6393213868141174
A,video_0012,5756,5741,5756,10,A:video_0012:10,330.526123046875,636.4749145507812,440.4642333984375,976.5386352539062,0.0,0.5278797149658203,1,0.4742957353591919,0.3740400969982147,0.5435358881950378,0.5916810035705566,0.6558458209037781
A,video_0012,5757,5742,5757,10,A:video_0012:10,330.5188903808594,638.8790893554688,440.4710693359375,978.9229125976562,0.0,0.5402606725692749,1,0.46057868003845215,0.3818370997905731,0.5773746371269226,0.6038087010383606,0.6777040958404541
A,video_0012,5758,5743,5758,10,A:video_0012:10,333.10009765625,639.025634765625,443.4076232910156,979.493408203125,0.0,0.5534866452217102,1,0.45228374004364014,0.3912651836872101,0.6097425222396851,0.6153354048728943,0.6988064050674438
A,video_0012,5759,5744,5759,10,A:video_0012:10,336.8895263671875,639.3677368164062,447.6128234863281,979.2308349609375,0.0,0.5677798986434937,1,0.449322372674942,0.4023207128047943,0.6405488848686218,0.6273144483566284,0.7193929553031921
A,video_0012,5760,5745,5760,10,A:video_0012:10,341.3904724121094,639.6541137695312,452.6595153808594,978.9613647460938,0.0,0.5821801424026489,1,0.45015066862106323,0.4144411087036133,0.6685217618942261,0.6391720771789551,0.7386149168014526
